id,creatorName,creatorId,reasonOfLeaving,themeName,bgColor,textColor,accentColor,creatorMessage,images,gifs,videos,likedBy,createdAt
c8a99a45-28e0-4356-a3cf-4397df83952c,Jean,61792cbe-261e-4f49-acc0-c26be08b665c,Test all with userId,other,#000000,#ffffff,#00ff00,skibidi,,,,,2025-05-17T21:27:46.971Z
50b0582f-c5fd-4f43-b426-f825f166f39f,tipip,5ab9070d-4fbd-48df-88b4-2c216bbaf49e,other,absurd,#000000,#ffffff,#ff0000,Ã‡a test,[object Object];[object Object],,https://youtu.be/JGJPVl7iQUM,,2025-05-17T22:33:00.954Z
37dd813d-12c5-4bb0-b06c-8a4ea9638bbb,tipip,5ab9070d-4fbd-48df-88b4-2c216bbaf49e,relationship,dramatic,#000000,#ffffff,#ff0000,aled,,,,,2025-05-17T22:37:04.208Z
117b396d-f041-47ad-ad10-0bcff17f86c9,test for creation,5ab9070d-4fbd-48df-88b4-2c216bbaf49e,job,ironic,#000000,#ffffff,#ff0000,fnqdgfjgnflgnjdfslngdfjlk,,,,5ab9070d-4fbd-48df-88b4-2c216bbaf49e,2025-05-17T22:48:11.126Z
cbb6d6d8-e8bd-4484-8037-beff6d4fbbea,selpoivre,5ab9070d-4fbd-48df-88b4-2c216bbaf49e,project,chill,#000000,#ffffff,#ff0000,"Fin de webcup, on chillax un max.",,,,5ab9070d-4fbd-48df-88b4-2c216bbaf49e,2025-05-17T23:15:37.910Z
14f91fb5-5642-42ed-9ee4-6efdd9d26cb1,test date,5ab9070d-4fbd-48df-88b4-2c216bbaf49e,other,ironic,#000000,#ffffff,#ff0000,test date,,,,1daeb52a-8ce4-430f-b5e7-a9e70f6cdb23,18/05/2025 03:22
fe912e13-3191-4fce-bbef-b568374dff96,test media,1daeb52a-8ce4-430f-b5e7-a9e70f6cdb23,other,chill,#000000,#ffffff,#ff0000,aaaaaaaaaaaaa,blob:http://localhost:3000/d1a69a08-d5db-488e-bbb9-98edc95c6d9e;blob:http://localhost:3000/415081e9-9149-4420-b0da-fca3056a8e41;https://media2.giphy.com/media/l3fzM2wgd6TygHbYA/giphy.gif?cid=a2434fedeq8ty9xnrsod8ll9b8k5yrwj6bgvz7j3ldyr28hg&ep=v1_gifs_search&rid=giphy.gif&ct=g,,https://www.youtube.com/watch?v=4JkIs37a2JE,,18/05/2025 03:54
5c262b1c-c424-425e-b302-dde389d0d1f4,media,1daeb52a-8ce4-430f-b5e7-a9e70f6cdb23,project,ironic,#000000,#ffffff,#ff0000,aaaaaaaaaaaa,blob:http://localhost:3000/d30cb203-03c5-460e-b87d-76fa0613f5f5;https://media4.giphy.com/media/jKaFXbKyZFja0/giphy.gif?cid=a2434fedkwkkh7q956l6apjpn4ydub14lnaud5jo33qzbt9v&ep=v1_gifs_search&rid=giphy.gif&ct=g,,https://youtu.be/JGJPVl7iQUM,,18/05/2025 04:01
7ebc3d88-57af-4fb0-991c-19de5c2c4eca,1,1daeb52a-8ce4-430f-b5e7-a9e70f6cdb23,job,ironic,#000000,#ffffff,#ff0000,1,blob:http://localhost:3000/92d96e06-0ca6-4af0-af56-bc5166129096;https://media4.giphy.com/media/3oKIPrwk5SCKWexkLS/giphy.gif?cid=a2434fed7v5fsl4ae62isxo8hkxq00k1kc2aj3yiri3071sp&ep=v1_gifs_search&rid=giphy.gif&ct=g,,https://youtu.be/JGJPVl7iQUM,,18/05/2025 04:04
